{"files":{"index.html":{"frameworks":["pg.tw.lib","pg.insight.events","pg.svg.lib","pg.css.grid","pg.image.overlay","pg.code-validator","pg.project.items","pg.asset.manager","tw","pg.html","pine.cone.lib","pg.components"]},"index-v4.html":{"frameworks":["Medaldex","pg.tw.lib","pg.insight.events","pg.svg.lib","pg.css.grid","pg.image.overlay","pg.code-validator","pg.project.items","pg.asset.manager","tw","pg.html","pine.cone.lib","pg.components"]},"dexentry\\index2.html":{"frameworks":["Medaldex","pg.insight.events","pg.svg.lib","pg.css.grid","pg.image.overlay","pg.code-validator","pg.project.items","pg.asset.manager","tw","pg.html","pine.cone.lib","pg.components"]},"mycollection\\index.html":{"frameworks":["Medaldex","pg.tw.lib","pg.insight.events","pg.asset.manager","pg.svg.lib","pg.project.items","pg.css.grid","pg.code-validator","pg.image.overlay","tw","pg.html","pine.cone.lib","pg.components"]},"dexentry\\index.html":{"frameworks":["Medaldex","pg.insight.events","pg.svg.lib","pg.css.grid","pg.image.overlay","pg.code-validator","pg.project.items","pg.asset.manager","tw","pg.html","pine.cone.lib","pg.components"]},"signup\\index.html":{"frameworks":["Medaldex","pg.tw.lib","pg.insight.events","pg.asset.manager","pg.svg.lib","pg.project.items","pg.code-validator","pg.css.grid","pg.image.overlay","tw.flowbite","tw","pg.html","pine.cone.lib","pg.components"]},"dashboard\\index.html":{"frameworks":["Medaldex","pg.tw.lib","pg.insight.events","pg.asset.manager","pg.project.items","pg.svg.lib","pg.code-validator","pg.css.grid","pg.image.overlay","tw.flowbite","tw","pg.html","pine.cone.lib","pg.components"]},"login\\index.html":{"frameworks":["Medaldex","pg.insight.events","pg.svg.lib","pg.css.grid","pg.image.overlay","pg.code-validator","pg.project.items","pg.asset.manager","tw.flowbite","tw","pg.html","pine.cone.lib","pg.components"]}},"breakpoints":[],"frameworks":["Medaldex","pg.tw.lib","pg.insight.events","pg.asset.manager","pg.project.items","pg.svg.lib","pg.code-validator","pg.css.grid","pg.image.overlay","tw.flowbite","tw","pg.html","pine.cone.lib","pg.components"],"template_framework_id":"tailwind","urls":{"index.html":{"open-page-views":[{"w":1024,"h":0}],"open-with-wrapper":false},"index-v4.html":{"open-with-wrapper":false,"open-page-views":[{"w":1024,"h":0}]},"dexentry/index2.html":{"open-with-wrapper":false,"open-page-views":[{"w":1024,"h":0}]},"add/index.html":{"open-with-wrapper":false},"dexentry/index.html":{"open-with-wrapper":false,"open-page-views":[{"w":1024,"h":0}]},"mycollection/index.html":{"open-page-views":[{"w":1024,"h":0}],"open-with-wrapper":false},"login/index.html":{"open-with-wrapper":false,"open-page-views":[{"w":1024,"h":0}]},"signup/index.html":{"open-with-wrapper":false,"open-page-views":[{"w":1024,"h":0}]},"dashboard/index.html":{"open-with-wrapper":false,"open-page-views":[{"w":1024,"h":0}]},"profile/index.html":{"open-with-wrapper":false}},"open-pages":["index-v4.html","dexentry/index2.html"],"ai-project-brief":"Medaldex, a webapp for militaria medal collectors. Modern design that is sleek and user-friendly. Features a black and silver color scheme with sans-serif typography. Responsive design approach across all devices. IMPORTANT: All section background images will use creative means (dimmed background, text boxes, effects...) to ensure optimal text visibility and readability. Furthermore, the website's visual identity will exclusively use imagery related to military medals, including images of various medals and insignias, ensuring a cohesive and authentic brand experience that enhances the collector's engagement and organization."}